format,file_size_mb,write_time_s,read_time_s,write_memory_mb,read_memory_mb,total_cpu_time_s,energy_consumption_wh
CSV,8.024331092834473,5.943929900065996,0.8907949000131339,6.197970390319824,23.296173095703125,4.953125,0.08943142361111112
Parquet,4.201594352722168,0.2943340999772772,0.11761509999632835,0.656794548034668,4.841833114624023,0.3125,0.005642361111111111
Feather,4.535608291625977,0.13249430002178997,0.03686880005989224,0.19148635864257812,3.098146438598633,0.0625,0.0011284722222222221
